{
    "avg_iou": 0.629937495555859,
    "iou_over_0.5": 72.47311827956989,
    "iou_over_0.7": 46.74731182795699
}